nama,address,phone,up,fax
,,,,
Abadi Electric,,021 624 5563,,
ABADI ELECTRICT,"Gedung glodok jaya Lt.dasar, A/16",021 624 5563,,
Abadi Jaya,"Pertokoan HWI, lt.dasar, B/8",021 624 6124,,
Abadi Jaya Makmur,Kmp Pertokoan glodok jaya A/58,021 629 8008,,
"Abadi Teknik Safety, CV",,021 9732 5746,,021 888 600 17
Abditama Official (Tokopedia),,,,
AC Wahana,Rukan Dalton Timur No. 66,021599932,,
ACE Hardware,Jl. panglima Polim,,,
ACE Hardware,Jl. Radio Dalam-Jakarta Selatan,021 7280 0707,,
ACE Hardware - Gandaria City,Gandaria - Keb. baru - Jakarta Selatan,,,
ACE HardWare GajahMada,Jl. Gajah Mada,,,
Ace Hardware Makasar,Makasar,021 7280 0707,,
Adhi Makmur,LTC Glodok Lt.GF1 C1/6,021 6230 7673,,021 2962 4988
Adhi Prima,"Jl. Raya Mauk Km 7 Kp. Cadas, Desa karet Sepatan",02159370980,,
Aegis Offical Store,"Soekarno Hatta 134, Cirebon",,,
AHAAS Honda,,,,
Ahli Kunci,,,,
Akrilik Display,Ciputat,,,
Akrilik Display,Ruko Ciputat Mega mall Ciputat,021 2279 4331,,
Aksel Florist,Medan,0812 6396 2998,Bp Herman,
Alicia Florist,Jl. Pramuka VI Komp.P&K Blok E1 no.41 Samarinda,0812 3454 0602,,
Aliexpress,,,,
Altius Tech,LTC lt 1 blok C23 No 5,021- 62310527,,
"Amen Paint Swadana, PT",Jl. Gajah Mada No.43,021 634 3701,,
Amir Electric,Jl Kerinci VII blok B No 66 Kebayoran baru Jaksel,0821 1452 7957,,
Amway Promise,Tower EightyEight @ Kasablanka Lt. 23,02157980800,,
Andala Auto Care,Jl Radio Dalam No. F1 RT 05/RW 04,08111012427,,
Andalas Clothing, jl tanjung duren raya no 13A Jakarta barat,087875200077,,
Andries Molding,"Ds. Gunung Sari, Bogor",08128149154,,
Aneka Irama,Glodok plaza blok H no 9,6248963,pak ari,
Aneka Plastik,komplek taman duta mas blokA2 No5,021-5678124,Bp. Edwin,
Aneka Suara,Cikupa,,,
Anugerah Print Shop,Jl Poltangan Raya No 17 Pejaten JakSel,0878 8831 5531,,
Anugerah Printshop,,,,
Anugerah Printshop,"Jalan Poltangan Raya No.17 Pejaten Timur, Jakarta Selartan",087888315531,,
Anugerah Printshop,Jl. Poltangan Raya No.17 JakSel,021 27808047,,
Anugerah Printshop,Jl.Poltngan raya No.17 Pejaten,087888315531,,
Apotek K-24 Sawah Besar,Jl. Sukarjo Suryopranoto No.57B JakPus,021 612 0809,,
Apotek Puji,"Jl. Biak No.45, RT.1/RW.5, Cideng",6281910010017,,
Apotik Kawi Jaya,,021 726 1412,,
Arta Mas Abadi,Glodok Makmur Lt.2 No.251,021 639 9228,,
Arta Mas Abadi,Glodok Makmur Lt.2 No.251,021 6399 228,,
"Artha Kharisma, CV",Jl. KH. Zainul Arifin No.71 Jakarta Pusat,021 3171 7113,Bp. Johanes,021 6385 9931
Asiti Indonesia,"Jl Melati Raya No 68, Batuceper",55770863,,
Astra BMW Serpong,,,,
Astro 1,Jl. Sawah Besar 2 No.5B JakBar,021 625 4778,,021 624 1883
Badan Meteorologi,Cikupa,,,
Badan Pajak dan Retribusi Daerah,Jl Abdul Muis no 66 Jakarta,3865580,,
Baja Electric,"Pasar Kenari Lt. dasar AKS 71-72, Jl. Salemba Raya JakPus",021 3193 0461,,
Bambang,,021 350 5093,,
Batteray center,Jl. LTC GF 1 BLOK A9 NO 5,62201693,,
Batteray centre,LTC GF 1 blok A9 no 5,62201693,,
Bebek Kaleyo,,,,
Beltraco,Jl Taman sari raya no 22,021 649 6828,,
Beltraco,Taman Sari Raya No 22,6496828,,
Ben Geliz,"Ciputat,Tangerang Selatan",,,
beng electronic,Ltc glodok,,,
Bengkel F8,Jagakarsa,,,
Bengkel Motor Dos Roka,Rawa Buaya - cengkareng,,,
Bengkel Radio Dalam,,,,
Berkah Jaya Film,,,,
Berkat Jaya Mandiri,"Harco Glodok 
GF 2 Blok A/15",6285770015891,,
Berkat Jaya Packing,,081210668835,,
Berkat jaya packing,glodok jaya,081210668835,,
Best Electronik,Glodok Harco,021 629 9307,,
Betawi Majun,Jl. Krendang Selatan 1 No.32 Duri Utara,021 638 57 991,,
Bibit Harapan,,,,
Bima Sakti,Glodok Jaya B 35 Jakarta,021 6281019,Bp Supri,
Bima Sakti,Glodok Jaya B/35,021 628 1025,,
Bina Unggul,Glodok Jaya Building Lt.1/A28-29,021 626 1143,,
Bintang Timur,"Jl, Bungur Besar raya no 41",021-4219428,,
Bintang Timur,Jl. Bungur Besar Raya No.41,021 4219 428,Bp. Anthony,
Bos Promosi Indonesia,"Taman Kedoya Baru Jl Kedoya Agave II, C7/17",628119992522,,
Bosch (Shopee),,,,
Bp Faris,,,,
"Bp, Dodi",,08151179963,,
BREGAS,"Jl. Jatiroto 1 B6 No. 140C Jaticempaka, Pd. Gede, Bekasi",089522230000,,
Bringin,,021 581 3445,,
Buana Teknik,LTC Glodok GF1 Blok A2 No. 31,+62 815-1033-3440,,
Buana Tunggal,,,,
Buana Tunggal,LTC Lantai UG Blok. B3 No. 7-8,02162201083,,6293225
Buana Tunggal,LTC lt UG Blok B3 No 7-8,021- 6220-1083,,021- 629-3225
Bucket & CLo Bandung,"Jl. Dalem Kaum No.54, Balonggede, Kec. Regol, Kota Bandung, Jawa Barat 40251",081223338987,Evrinaldo,
Budi Mulia,Jl. Mangga Besar VI Selatan No 49,021- 6498437,,
Budi Mulia,Pasar mobil kemayoran blok S no 111,021- 6543704,,
Budi Mulia,Pasar Mobil kemyoran Blok S No. 111,6543702,Budiyanto,
Budi Rooling Door,Jl BRi Ps Inpress No18 Kebayoran baru Jak Sel,085774080356,,
Budi Teknik,Jl. Kramat Raya 101 Lantai Ground Blok D/110 Kenari-Jakpus,021 398 42 745,Ibu Lia,
Bukalapak,,,,
Bunga Florist,,0813 1137 9872,Miss Azizah,
Bunga Sragen,,0823 4023 58020,,
Bursa Mebel,Plaza Dbest Carefour Jl MH Thamrin Cikokol - Tangerang,021 5696 9424,,021 5633 545
Bursa Mebel,Plaza Dbest Carefour Jl MH Thamrin Cikokol - Tangerang,021 5696 9424,Miss Elin,021 5633 545
Cahaya Abadi,Pertokoan Glodok Jaya Lt.dasar Blok.A 38/81,021 6597788,,
Cahaya Abadi,Pertokoan HWI LTC Blok. B10 -11-41,021 624 3194,,
Cahaya Baru,LTC 6F2B8 no 6,6260759,Ibu Aling,
Cahaya Bintang Electrindo,Gd. Kenari Mas Lt.Ground D/140,021 398 45803,,
Cahaya Bintang Plastik,Gd. Pasar Pagi Mangga Dua,021-6015861,,
Cahaya Elektrik,Tanjung Duren Raya 7B,56968916,,
Cahaya Eletrik,Tanjung Duren Raya 7B,56968916,,
Cahya & Embun Florist,Bogor,,,
"Caltesys Indonesia, PT","Perkantoran Puri Niaga 2, Jl. Puri Kencana B1 J1/2 Puri Kembangan - Jakarta Barat",021 582 6882,Miss Rina - Marketing,021 582 6881
Cash,,,,
cash,,,Ahmad Fahri,
Cash,,,Ibu Sri,
cash,Cikupa,,Ahmad Fahri,
Cash,Jembatan 5,,,
Cash,Jembatan Lima,,,
Cash,Jl RS fatmawati no 39 Jakarta Selatan,08159165009,,
Cash,Jl. Taman Sari,,,
Cash Asam Reges,,,,
Cash Cikupa,,,,
Cash Glodok,,,,
Cash jembatan lima,,,,
Cash Ps Jembatan lima,,,,
Cash Ps Jembatan lima,Glodok,,,
Cash Radio dalam,,,,
Cash Toko Bangunan,Pembangunan,,,
Cash Toko Bangunan,Radio Dalam,,,
Cash Yamaha,,,,
Cemerlang,P. senen Blok II no 61 - 62,4210737,,
"Central Fastindo Sentosa, PT","komplek pertokoan glodok jaya, C-20",021 625 6868,,
Central Jaya,,,,
Central Tehnik,Jl Kerajinan W 1/2,6324957,,
Century Ban,"Jl. Lapangan Bola No.49 2 10 2, RT.2/RW.10, Kb. Jeruk, Kec. Kb. Jeruk, Kota Jakarta Barat, Daerah Khusus Ibukota Jakarta 11530",0215323590,,
Century Motor,Jl. kebon jeruk III no 47,6826087,,6391523
Champion Motor,Jl Sukarjo Wiryopranoto No 12 A Sawah besar,081808782555,Bp William,
Champion Motor Nissan,Krekot Jaya Molek Blok AE 8,3518522,,
Champion Motor Nissan,Krekot Jaya Molek Blok AE 8,3518522,Pak Pendy,
Changhong Electrict Indonesia,Komp Agung Sedayu (Harco Mangga Dua) Blok J / No.39-40,021 600 6969 # 15,Bu Muhani,
Changhong Service Center,Komp Agung Sedayu (Harco Mangga Dua) Blok J / No.39-40,021 600 6969 # 15,Bu Muhani,
Cipta Abadi,Ltc Glodok lt 2 Blok C 27 no 9,6232234,,62202191
Cipta Abadi,Ltc Lt 2 Blok C 27 no 9,62320234,,
Cipta Abadi,Ltc Lt 2 blok C 27 no 9,62320234 - 62202191,,
Cipta Abadi,Ltc Lt 2 blok C 27 no 9,"62320234 , 62202191",,
Cipta Abadi,Ltc lt 2 blok C 27 no 9,"62320234,62202191",,
Cipta Mika,P. Tubagus Angke no 43,6395480 - 26300203,,
Cipta Mika Acrylic,Jl. I Gusti Ngurah Rai No. 1D,628128733868,,
Citra Mandiri AC,,,,
Citra Sukses Mandiri,LTC lt 1 blok B 15 No 7-8,0856 9427 1604,Bp Ulil,
Columbia,Kebon Jeruk III / 23,021-624-8465,,
Columbia Motor,ITC fatmawaty Lt 2 no.99,021-93177467,,
Corner Abadi Teknika,Gd. Blustru No.32-33,021 626 8517,,021 626 8429
Corner Abadi Teknika,Gd. Blustru No.32-33,085781390998,,62307200
Cottonesia,Jl RS fatmawati no 39 Jakarta Selatan,08159165009,,
CS Printing,Kampus A Universitas Negeri Jakarta Rawamangun,087820734523,,
CV Andalas,,087875200077,Ibu Selvi,
CV Berkah Lestari Jaya,Jl Hj Ten Raya No. 4 Rawamangun,085211665000,,
CV GAIVO Systemworks Indonesia,Ruko grand Boulevard blok U01A no 369 Citra raya Tangerang Banten,021 59645007,,
CV Gunung Mas,Tangerang,,,
CV Indocipta Akbar,Jl Raya Pulogebang No. 122b Cakung,085777665000,,
CV INTI TEKNIK,,021 5550431,,021 5557813
CV Jakarta Service,JL. KS Tubun No.4C Jakarta Barat,0821 1196 1843,,
CV Jaya Interior,Jl Pinangsia Raya No 16G Jakarta Barat,021 6240136,,
CV Karunia Jaya Tekindo,Komp Sentra Bisnis Blok SS 17 no 9 Kota Harapan Indah Bekasi,085219208998,,
CV Karunia Jaya Tekindo,Komp Sentra Bisnis Blok SS 17 no 9 Kota Harapan Indah Bekasi,085219208998,Bp. Hendra,
CV Karya Ram,"Jl Kamp. Babakan RT004/RW003 Desa Dayeuh, Kec. Cileungsi, Kab.Bogor",,,
CV Manunggal Jaya Abadi,"Jl. Mutiara Karawaci Raya No. F15, Tangerang",081210809090,,
CV Mekar Furniture,"Jl KH Hasyim Ashari No. 73 B - C, Cideng, Gambir",6313445,,
CV Samudera Bibit Indonesia,Grand Regency Blok C3-16,081382345511,,
CV Try Armindelia Tekhnik,Kp Duri Rt 03/ Rw 01 Tonjong TajurHalang - Bogor,085888519943,,
CV. Fajar Technic,"Kp. Pasir Gaok, Ds. Palasari, Kec.Legok Kab. Tangerang",021 598 66 60,,021 598 66 60
CV. Ganesha Abadi,Jl Raya Bougenville No 72 Komp Bumi Rawa Tembaga bekasi Barat,021 88852166,,
CV. Jakarta Service,Jl. KS Tubun 1 Gg.Kunir No.40 Jakarta Barat,,,
CV. Jakarta Service,Jl. KS Tubun 1 Gg.Kunir No.40 Jakarta Barat,0821 1196 1843,,
CV. Sejuk Mitra Teknik,,021 8076 8062,Bpk Andri,
CV. Sumber Makmur,"Gd. Metro Glodok, Jl. Blustru No.15/16/41",021 626 2130,,
CV. Wijaya Teknik,LTC lt 2 Blok C29 no 3-5,021 6282944,,
CV.Manunggal Jaya Abadi,Jl. Mutiara Karawaci raya No F 15  Tangerang,0813 8300 2900,,
Damario Inspiring Living,jl masjid Lio Rt 01/RW 14 No 16 Pancoran Mas  Depok,081210857809,,
Danish QA motor,"Jl. Raya Alternatif Cibubur, Cibubur point automotif center kios lt. dasar B.II",021 6084 2964,,
Danny Screen,Jl. Palmeriam no 8 jaktim,93084500,,32244955
Dare Photobooth,,08131116548,,
Daun Mas,Proyek pasar pagi SI no 23,021 6916244,,
Davilla Mandiri (shopee),,,,
"Denso Centra, PT",Jl. Pecenongan Raya 37B&41A Jak Pus,021 345 4125,,
Depo Listrik,Plaza Kenari mas lt LG A10-15,021-39841963/64,Ms IFONG,021-39845968
Depo Tehnik,Glodok Jaya,6255333,Ko Amin,
Depo Tehnik,Glodok Jaya,6255333,SIGIT,
Deselly Toko Bunga,Jl. Kemandoran II/23E Palmerah - JakSel,021 532 0601,,
Deselly Toko Bunga,Jl. Kemandoran II/23E Palmerah - JakSel,021 532 0601,Ibu Elis,
Deselly Toko Bunga,Jl. Kemandoran II/23E Palmerah - JakSel,021 532 0601,Ibu Elis/ Ibu Ratna,
Deselly Toko Bunga,Jl. Kemandoran II/23E Palmerah - JakSel,021 532 0601,Ibu Mariska,
Deselly Toko Bunga,Jl. Kemandoran II/23E Palmerah - JakSel,021 532 0601,"Ibu Rika,ibu erna,ibu Ratna,ibu elis",
DFSK Official Shopee,,,,
DFSK Tangerang,,55701819,Bp Zaid / Bp Afizz,
Diamond Jack,LTC Glodok GF2 Blok C10-11 No.1-9,021 6220 0770,,
Dian Prima,Ltc Glodok Lt 1 Blok B 1 No 7,021 2607 1391,,
DigiFlora,"Grha Adhi Media, Jl. Deplu Raya No.6, Bintaro",,,
Digio Digital,Jl. Cideng Barat No.21A JakPus,021 633 0950,Pak Nico,
Dinas Cipta Karya dan Penata Ruang,,0878 0819 1166,,
Dinas Tenaga Kerja dan Transmigrasi Pemprov Banten,Kawasan Pemprov Banten (KP3B) Jl Syekh Nawawi Al-Batani,0254267111,,
Ds Computer Solustion,Harco Mangga dua Block R no 29,0812 8818 6663,Pak Mustar,
Dua Putera,Jl. Krekot Jaya Molek Blok F No.2D-3D,021 380 3391,,021 345 9447
Dua Putra,Jl. Krekot Jaya Molek F/2D-3D,021 380 3391,,021 345 9447
DUNIA ELECTRIK,,6011903,Ibu SRi,
Dunia Motor,Jl. kebon Jeruk 3 No.48B,021 649 3993,,
Dunia Plastik Printing,Jl. Mawar V No. 45 RT 4/RW 2,6281287739442,,
Dunia pompa,,,,
Dunia Rak Minimarket,Pondok Alam Permai Blok E8 No. 22,082113647899,,
Dwijaya Filter,"Gedung Roxy Square Lt. 1 Blok A1 No. 2 Tomang, Jakarta Barat",083895359650,,
Dynami Makmur Lestari,Jl Raya Cakung Bekasi Km 23 no 62,,,
ecco stationery,,,,
ecco stationery,,021 6019 248,Bp. David / ibu Bina,021 6284212
Elco Electrical,LTC Glodok Lt GF2 Blok 21 no 3-5,021 6220 1015,,
Elco Electrical,LTC Glodok lt GF2 blok B 21 no 3-5,021 352 0373,,
Elco Electrical,LTC glodok Lt GF2 Blok B 21 no 3-5,6220 1015,,
Ervina Sari,,0821.1107 1828,,
Exo Stamp,Jl. Cideng Barat 41D,021 6385 5555,,021 6333 776
F2F,Mangga Dua Mall lt2,08158155985,Ferry,
Fajar Baru,Jl. Panglima Polim Raya No. 192D,,,
FARA Aluminium,Graha Siena 2 blok M16 No 20 Citra Raya Cikupa,089635195889,Dian,
Favorit,"Proyek Senen Blok !, Lt.2 No.F8-12",021 4251 750,,
Ferryndo Enterprise,,021 6220 1415,,
Ferryndo Enterprise,,021 6220 1415,,021 8233 645
Fery Tailor,,0856 8918 017,Bp. Ferry,
Feto (Tokopedia Offical Store),,,,
Floralbiss.id,,087808517566,Ibu Imelda,
Gama Electronic,,021 639 4930,,-
Gama Electronik,Glodok Makmur No.29C,021 6008584,,
Gamacom Tritama,jl caman raya no 72 pondok gede,085280752051,Pak Heru,
Ganda Jaya,,021 8393 2326,,
Giat Semangat,"Jl. Hayam Wuruk, Pertokoan Glodok Makmur 28A",021 659 0112,,
Global Electrindo,LTC Glodok,,,
Global elektrindo,LTC glodok GF 1,,,
Global elektrindo,Plaza kenari Mas F1 no 126,,,
Global elektrindo,Plaza kenari Mas F1 no 126,29369731,,29369730
Global Tehnik,Gedung Murata F/21 Lantai dasar Glodok Plaza,021 6121 292,,
Glodok CCTV,,021 624 0630,Bp. Aseng,
Graha Makmur,Gd Harco Glodok Lt GF1 Blok B No. 6-8,,,
Gramedia,,,,
Gramedia,Gajahmada,,,
Gramedia Gajah Mada,,,,
Grand Hosana,"LTC Glodok Lt.1 C-20, No.3",021 623 08 018,,
Grand Hosana,LTC Lt.1 C20/3,021 623 08 018,,
"Gree Adhi Perkasa, PT",Jl. Batu Ceper No.21,021 381 0775,,021 381 1929
Green Fog,,021 8770 2863,Bp. Andrea,
Gudang Cikupa,,,Bp Budiyanto,
Gudang Cikupa,,,Pak Budiyanto,
Gudang Cikupa,,,Pak Budiyanto/Pak Trimardiansyah,
Gudang Cikupa,,021 59400322,Pak Budiyanto,
Gudang Cikupa,,59400322,Pak Budiyanto/ Pak Tri,
Gudang Dimyati - Radio Dalam,,021 7279 9917,,
Gudang Dimyati Radio Dalam,Jl. Radio Dalam Raya No.18 Jakarta Selatan,,,
Gudang kardus JDS,Jl Raya Bogor Ciracas Jak Tim,,,
gudang pembangunan,,,,
Gudang Pembangunan,,021 6385 7486,Bp. Maryudi,
Gudang Pembangunan/ GLC,,021 6385 7486,Bp. Maryudi,
Gudang Purchasing PC,,,,
Gudang Purchasing PC,jl. Raya Pecenongan 55A,021-384-4076,Pak Maulana,
Gudang Purchasing PC,Jl. Raya Pecenongan no 55 A,021-3844076,,
Gudang Seragam,Jl  Dewi Sartika No 38 Depok,021 7757089,,
Guna Plastik,,021 385 1477,Cik Emma,021 345 2260
Guna Plastik,,021 385 1477,Cik Emma,021 345 5260
Guna Plastik,,021 385 1477,Cik Emma,021 385 1478
guntur electronic,LTC glodok lt 1,,,
Happy Plastik,Jl. KH. Mas Mansyur No.195,021 7070 5501,,
Happy Plastik,Jl. KH. Moh. Mansyur No.195,,,
Happy Plastik,Jl. KH. Moh. Mansyur No.195,021 633 8777,,
Happy Plastik,Jl. KH. Moh. Mansyur No.195,021 7070 5501,,
Happy plastik,PS Pagi Jembatan lima,,,
Harapan Baru,Jl. Pinangsia Raya No.17 Jakarta Barat,021 628 4859,,
Hendy Jaya Service,,021 969 99 117,,
Hypermart,,,,
Hypermart,,021 969 99 117,,
Hypermart,Gajah Mada,,,-
Hypermart,GajahMada,,,
Hypermart,GajahMada,,,-
Hypermart,Plaza Gajahmada,,,
Idea.ID,Jl. Gendeng GK 4 No. 177 Baciro,089529533470,,
Ikbal Advertising,Jl Raya Ps Minggu Km 19 No 67 Pejaten Jakarta Barat,021 25031802,,
IKEA,,,,
Immaco Electronic (Sarang Batery),Pertokoan Glodok Jaya Lt.dasar A/30,021 6597 889,,
In Jaya dunia Pompa air,Panglima polim,,,
Indah Led,LTC Glodok GF2 / Blok.B 16,0878 8216 6277,,
Indah Teknik,Glodok jaya Lantai dasar B/30,,,
Indah Teknik,Glodok jaya Lantai dasar B/30,021 6497 955,,
Indo Furniture,,021 633 0750,Bp. Alimin,021 633 0750
Indo Tehnik Mitra Pratama,LTC Glodok Lt.Gf.2 Blk.A/6,021 6232 0763,,
Indo Tehnik Mitra Pratama,LTC Glodok Lt.Gf.2 Blk.A/6,021 6232 0763,Bp. Alimin,
Indoacrylic,"Ruko Orlin Arcade, Blok RF 11, Kel. Buaran, KEc. Serpong, Tangsel",081311080059,,
Indra Florist,,0251 832 3252,Ibu Mimi,0251 835 62 66
Infiniti Safety,LTC GF1 B2/1,021 6220 1311,,
Inovasi Elektronik,Batujajar Regency 2 Blok AE No 25 Kab Bandung Barat,08122388023,Gilang G,
Inovasi Elektronik,Batujajar Regency 2 BlokAE No 25 Kab Bandung Barat,08122388023,Gilang G,
Intan Florist Bandung,"Jl Soma 1, Bandung",081222833796,,
Inter Jaya,ITC Mangga Dua  GD JICT Lt II Blok D,6120389,Ibu Leni,
Inter Pompa Marfindo,,,,
Inti Raharja Motor,"Jl. Anggrek Rosliana VII/17, Komp. kijang kencana, Slipi JakBar",021 536 0115,Bp. Agus Handoyo,
IOSA Teknik,LTC Lantai GF 1 Blok RB1 No. 01,087885821818,,
Isak Billiard,P Jayakarta,021 6290020,,
IT COMM,"Ruko Sastra Graha No.22, Jl. Raya Pejuangan Kav.21 Kebon Jeruk - Jakarta Barat",021 533 33 48,Bp. Royadi,
ITOBATT,,,,
Jagoan Masker,Jl Babaran No 14 Umbulharjo Yogyakarta,0895418244442,,
Jawa Advertising,Jl Utan Panjang III no 1D Jakarta Pusat,021 2147 0058,,
Jawa Indie Motor,jl. Kramat raya no 17,31926429,bp. yatno / joko,31926430
"Jawa Indie Motor, PT",Jl. Kramat Raya No.17 JakPus,021 3192 7477,,021 390 7764
"Jawa Indie Motor, PT",Jl. Kramat Raya No.17 JakPus,021 3192 7477,bp Rodi,021 390 7764
Jaya Electric Jakarta,LTC glodok,,,
Jaya electronik,LTC Glodok,,,
Jaya electronik,LTC Glodok GF1 Blok A21 no 7,,,
Jaya Indah,P senen Lt II C no 26-28,42880630,Ibu Lina,
Jaya Lestari,Pasar  Kenari AKS No 189 B Lt Dasar,31925915,,
Jaya Mandiri Sentosa,LTC Glodok Lt.UG / C6 No.1-9,021 6220 1756,,
Jaya Mandiri Sentosa CV,,0811 900 7116,,
Jaya Metropolitan,Jl. Pinagsia Raya No.23-35,021 626 55 36,Bp. Jusuf Chandra,
Jaya Sempurna,Gedung Murata No.20,021 6220 4102,,
Jaya Sentosa,Jl. Pangeran Jakarta,021 6264788,Bu Sella,
Jaya Sentosa,Jl. Pangeran Jakarta,021 6264788,Bu Sella,021 649 5081
Jaya Sentosa,Jl. Pangeran Jakarta,021 6264788,Bu Sella,021 6495081
JAYAMIKA,Jl. Mangga Besar 1 Dalam No.2A,021 629 7266,Cik Yanti,
Jayanti,,021 654 3189,Cik Yanti,
Jayanti Metropolitan,Jl. Pinagsia Raya No.23-35,021 626 55 36,Bp. Jusuf Chandra,
Jayanti Motor,,021 654 3189,Cik Yanti,
jayapura Motor,Blok M Mall lantai Basement Blok A no 18 Jakarta Selatan,,,
Jembatan Lima,Glodok,,,
JMS Motor,Jl. Pembangunan Raya III,021 9618 8970,Bp. Rizal,
JNS,,08161876507,,
Joyko (Shopee),,,,
JS Safety,Jl Raya Serang Km 13 No.8F Cikupa Tangerang,0811 8989 588,Andre,
JS Sign,Jl. Raya Wenditat Barat No. 2,081295200664,,
karangan bunga Palembang,,08114108979,Amran,
KARYA - LESTARI,,021 9234 9898,Bp. Kamta,021 422 6148
Karya Dharma,"Blok 1 Lt2, No B8-11 proyek senen",021 422 1362,,
Karya Lestari,,021 9234 9898,,-
KARYA LESTARI,,021 9234 9898,Bp. Kamta,021 422 6148
Karya Lestari,,0812 8888 410,Bp. Kamta,021 422 6148
"Karya Teknik Service, PT",Jl. Kapuk Muara (Ruko Duta Muara Indah A/3)-Kapuk JakUt (samping Gerbang villa kapuk mas),021 540 6325,Bp. Talip,021 540 6325
"Kawan Lama Sejahtera, PT","Gd. Kawan Lama, Jl. Puri Kencana No.1 Meruya - Kembangan",021 582 82 82,,
"Kawan Lama Sejahtera, PT","Gd. Kawan Lama, Jl. Puri Kencana No.1 Meruya - Kembangan",021 582 82 82,"Bp, Ignatius Budiyanto",
"Kawan Lama Sejahtera, PT","Gd. Kawan Lama, Jl. Puri Kencana No.1 Meruya - Kembangan",021 582 82 82,Ibu. Siti Hadita,
"Kawan Lama Sejahtera, PT","Gd. Kawan Lama, Jl. Puri Kencana No.1 Meruya - Kembangan",021 582 82 82,Miss Novaria Hutapea,
"Kawan Lama Sejahtera, PT","Gd. Kawan Lama, Jl. Puri Kencana No.1 Meruya - Kembangan",021 582 82 82,Miss. Anila Admadja,
"Kawan Lama Sejahtera, PT","Gd. Kawan Lama, Jl. Puri Kencana No.1 Meruya - Kembangan",021 582 82 82,Miss. Fransiska Maria,
"Kawan Lama Sejahtera, PT","Gd. Kawan Lama, Jl. Puri Kencana No.1 Meruya - Kembangan",021 582 82 82,Miss. Novaria Hutapea,
"Kawan Lama Sejahtera, PT","Gd. Kawan Lama, Jl. Puri Kencana No.1 Meruya - Kembangan",021 582 82 82,Mr Eky Noviansyah,
"Kawan Lama Sejahtera, PT","Gd. Kawan Lama, Jl. Puri Kencana No.1 Meruya - Kembangan",021 582 82 82,Pak Taufan,
"Kawan Lama Sejahtera, PT","Jl. Puri Kencana, No.1 Maruya - JAKBAR",021 582 9133,Miss Fransisca Gobe - Service,
Kawanna Agency & Florist,Jl. Jend Sudirman 96 Sukabumi,0266 224361,Ibu Yuthea,
KD Komputer,Mangga Dua Mall Lt x blok c No 149,021-6120569,Bp Alvian,
KDK (Official Store Shopee),,,,
Keboon,"Jl sinyar 3 no 12, duri Pulo, kec. Gambir, Jakarta Pusat, 10140",085697882407,,
Ken Electric,,021 600 9071,,
Kharisma Elektrik,081807780714,,,
Kian Maju,,,,
Kian Maju,Gd. ITC Mangga Dua Lt.1 E2/110,021 623 00 425,,021 60 16 136
Kian Maju,Gd. ITC Mangga Dua Lt.1 E2/110,021 623 00 425,Ibu Sumi,021 60 16 136
Kios Cepat,Jl Mangga VI No 335 Duri Kepa Jakarta Barat,081931059183,Ibu Angel,
"Kios Lt.1 No,91",glodok plaza ruko blok.F/91,021 6220 4103,,
Kota Mas,Glodok Plaza B1 F/51 Pinangsia Raya,6494528,,Ibu Anies
Kota Mas,Glodok Plaza B1 F/51 Pinangsia Raya,6494528,Ibu Anies,-
Kumala Sakti,Jl Kr Pulo Senen Jak Pus,021 3106893,,
"Kundalini Saktisejati, PT",,,,
Kurnia Jaya,Glodok Makmur No.30 H-1,021 6220 2073,,
Kusuma AC,,021 344 2292,Bp. Alio,
Kusuma Auto AC,Jl Raya Krekot Bunder no. 20,,,
Kusuma Auto Air Conditioning,Jl. Raya Krekot Bunder No.20,021 344 2292,,
Kusuma Motor,Jl pasar Mobil Kemayoran Blok A 12a,021 99793080,"Bu Ming""",
"Laris Chandra, PT",,021 629 1808,,
"Laris Chandra, PT",,021 629 1808,ko iyong,6676789
Laskar Safety,Pasar Kenari,021 23951113,,
Lautan Ban,Cimone,5588299,,6282170001198
Lautan Ban,"Jl Gatot Subroto No. 28, Uwung Jaya, Tangerang",5588299,,
Lazada,,,,
Libra Mas,Jl. Pluit Utama No.19 Komplek Sanken Blok E/No.9-11 Jakarta Utara,021 6624 744,Bp. Rahman,
Liez Florist,Jl. Martadireja II/1001&1002 (Depan RS Sinar Kasih) Purwokerto Ja-Teng,0281 641 931,Ibu Parmi,0281 622 532
Limpah Mas,Jl Mangga Besar 1 No 90 Jakarta Barat,62302624,LIAN,
lina Electronics,LTC Lt 2 Blok C21 No 1 & 2,021 62317713,Liina,
lina Electronics,LTC Lt 2 Blok C21 No 1 & 2,08128846033,Lina,
Logam Mas,Gd. Glodok Jaya Lt.dasar C10/34-35,021 659 6078,,021 659 6107
Luna,LTC glodok lt 2 no 5-6,6292869,,6268940
luna Electronics,,,Liina,
luna Electronics,,,Luna,
Maju Jaya,Jl. Bursan Mobil Kemayoran E29/30,021 654 3029,,
Maju Jaya,Jl. Pinangsia Raya No.107,021 600 6084,Mba Utari,021 600 6085
Makmur Jaya,,089517884891,,
Mandiri Baru (Shopee),,,,
Mandiri Jaya Ban,margonda Raya No 39 Depok,,,
Mandiri Jaya Plastik,,0812 8833 7657,Bp. Ronie,
Mandiri Jaya Plastik,,0812 8833 7667,Bp. Ronie,
Mandiri Jaya Plastik,,0813 8833 7667,Bp. Ronie,
Masa Motor,,021 345 1936,,
Masa Motor,,021 345 1936,Bp. David,
Masa Motor,,021 345 1938,,
Masa Motor,,0213451938,,
Master Bangunan,Jl Raya ps Kemis no 16 ke Ps kemis tangerang,087808942271,,
Mawar Sari,,021 8087 8015,,
Media Digital Solution,senen,+62 859-5493-7838,,
Mega Beton,Jl. Radio Dalam - JakSel,021 720 5744,Cik Yeny,
Mega Teknik,Glodok Blustru Lantai Dasar Ruang 8-9,021 6262735,,
Megacools,Pulogadung,,,
Mekar Jaya,Glodok Jaya Lt Dasar No A27,6298009,,
Mery Baby Toys,ITC Cipulir Mas Blok.B Lt.1 No.179-180-181,021 7132 5423,,
Metro Jaya Diesel,Taman Sari VI/ no 11 Jakarta Barat,021 6392555,,
MIKA Kabel,LTC Glodok lt UG blok A7 no 9,,,
Mitra Bangunan,Kalimalang,,,
Mitra Sejuk Service,,021 8076 8062,Bp. Andri,
Mitra Sukses,,,,
Mitra Sukses,HWI lindeteves Lt dasar D3,6291705,,
Mitra Sukses,HWI lindeteves Lt dasar D3,6291705,Pak Dede,
MJ Music,LTC glodok,,,
Morten,Jl. Hayam Wuruk 127 Glodok,021-62320603,,021-62320604
Mr DIY,,,,
Mt Edma (Shopee),,,,
Multi Electronic,Glodok jaya,,,
Multi Jaya,"Wisma Sawah Besar, Jl.. Sukarjo Wiryopranoto",021 380 3324,,
Musatek-Sawah Besar,,,,
Muzatek,,,,
Muzatek Sawah Besar,,,,
"Naga Pasific, PT",,021 650 8873,Ibu Sandra,021 650 6614
"Naga Pasific, PT",,021 650 8873,ko ahua,021 650 6614
Nasional makmur,Glodok jaya no 68,6399260,,
National Electric,Plaza Pinangsia Lt.2 No.27,021 6232 0795,,
National Electronic,Ruko Glodok Plaza Blok C no. 1,6286369 - 6286370,,
New Jakarta,"Jl, samanhudi no 59","3844989 , 3812233",,
Nicco electronic,LTC Glodok,,,
NJM,Kebon jeruk 3 no 46,99046668 - 32987595,,
Noval Florist,,021 9333 6481,,021 55 22 016
NPP GO,,,,
Nusantara electronic,LTC lt 2 C 27 no 5,6293171,,
Nusantara Electronic parts,LTC lt 2 / C 27,,,
Nusantara Electronic parts,LTC lt 2 / C 27,6293171,,
Nusantara Electronic parts,LTC lt 2 / C 27,6294171,,
Nusantara Surya Sakti,Gedung Mandala Lt 5 - 6 tomang,568-5000,ibu tia,
O.K Electronic,LTC Lt 2 C 26,021-6220 0530,,021-6594 185
Onda,,,,
One Poles 24,"Gg. Reformasi No. 53, Jakarta Selatan",,,
Ori Balon,Jl Terate Gang 3 No. 27,08128427788,,
Otto Ban Haji Nawi,Radio Dalam,08118755331,,
Pak ARO,,,,
Pak Heru,,0838-7226-0600,,
Pak Maryudi,,,,
Pantai Jaya,Jl. Hayam Wuruk No.67,021 629 1334,Cik Feny,
Pantai Jaya,Jl. Hayam Wuruk No.67,021 629 1334,Cik Iing,
Paragon Elektronik,Cikupa Tangerang,,,
PD Alam Baru,Jl Pecenongan No 5 Jakarta Pusat,3805382,Bp Andre,
PD Indah Jaya,Jl Pinangsia Raya No 47,021 6286354,Ibu Rasty,
PD Kerta Rahayu,Jl Sedap malam No 06 Senen Jak Pus,081317891003,Bp Mulyana,
PD Mega Auto,,,,
PD Mega Motor,,,,
PD Pesat,,021 649 2630,,
PD Pesat,Jl. KH. Mas Mansyur No.254 Jembatan 5,021 649 2630,,-
PD Sama Mantap,komp pertokoan glodok jaya no 69,021 6399244,,
PD Victoria Indonesia,LTC Lt 2 blok B12 No 3,021 2607 1358,,
"PD, Putra Mandiri","pertokoan glodok jaya, lt.dasar B/51",021 629 9162,,
PD. Giat Semangat,Pertokoan Glodok Makmur No.28A,021 659 0112,,
PD. Kumala Sakti,Jl Kramat Pulo No 1A & 1B Jakarta Pusat,021 70009415,,
PD.Sahabat,Hayam wuruk indah building GF BKS/60-61,021 629 3922,,
PD.Sama Mantab,,,,
Pemprov DKI Jakarta,Jl Abd Muis no 65  Jakarta,021 38655580,,
Permata Hijau Ban,,,,
Permata Hijau Ban,,+62 818-0606-2875,Ibu Sri,
Permata Hijau Ban,,021 5369 0999,Ibu Rahma,021 5369 0595
Permata Hijau Ban,,021 5369 0999,Ibu Sri,021 5369 0595
Pertamina,,,,
Pioner Electric,"Gedung Kenari Mas, Lt.dasar C3-5. Jl Kramat Raya Jak Pus",021 3984 5760,Miss Vita,021 315 8430
Pioner Electric,"Gedung Kenari Mas, Lt.dasar C3-5. Jl Kramat Raya Jak Pus",021 3984 5760,Miss Vita,021 3984 1956
PLN,,,,
Pluit Utama,,021 6193568,Bp. Purbo,021 5439 0130
Pluit Utama,komplek harco glodok,021 6193568,Bp. Purbo,021 5439 0130
Polaris elect,LTC lt 1 blok C31 no 10,6598837,,
Popo Electronic,Glodok Plaza Blok H No. 12,08129240350,,
"Prapat Tunggal Cipta, PT","Komp Ruko Karang Anyar Permai 55 Blok A1, No.1 Mangga Besar JakBar",021 628 8835,Ibu Yeyen,
"Prapat Tunggalo Cipta, PT","Komp Ruko Karang Anyar Permai 55 Blok A1, No.1 Mangga Besar JakBar",021 628 8835,,
Prima Elektrik,Ruko glodok jaya,,,
"Prima Ferrotama, PT","Proyek Senen, Lt.2 Blok II No.61",021 3211 287,,021 7892 960
Prima Jaya Abadi,Pertokoan Glodok jaya lt 2 blok A 27,021 6010 066,,
Printhink,"Jalan Kepu Selatan 50B, Senen, Bungur, Jakarta Pusat",,,
Profindo Jaya,Jl Peta Selatan Duta Indah Alpha 1 Blok C No. 1,6285158825820,,
"Promosindo, CV",,0856 8918 017,Mr. Ferry,021 8233 645
PT Abadi Jaya,Plaza pinangsia Lt Dasar No 26-27,021 6594 873,pak Albert,-
PT Ahinata Karya Akusara (AKA Konsultan),Ruko Garden Boulevard Blok S.05,02159648370,,
PT Amen,,021 633 5085,,-
PT AMEN,Jl.gajah mada no 43 jakarta,021 6335085,,6334994
PT Andalan Inti Rekatama,Jl. Radio Dalam No. 42B,62217399809,,
PT Archem Indonesia Utama,Jl. H Naim 3 No 23 Cipete Utara Kebayoran Baru Jakarta Selatan,021- 722 9932,,021- 725 0720
PT Arfindo Bersinar,Perkantoran Kranggan Rt 16 No 25-26,021 8456737,,
PT Astra Otoparts /Shop& Drive,Tanjung Duren,568 3012,,
PT Atria Dimensi Solusindo (Bregas),Jl Setia 1 No. 67 JatiCempaka,082180008028,,
PT Bekat Rejeki Baru,Komp. Glodok Plaza Blok B No. 2,,,
PT Bentang Inti Aksara,Jl AMD N0 32 Rt 01 RW,0215866399,,
PT Benteng Laksana Jaya,Jl Prabukian Santang No 42 Rt 02 RT 01 Periuk Kota,,,
PT Berca Schindler Lifts,,,,
PT Berca Schindler Lifts,Jl Puri Lingkar Luar,80668222,,
PT Berch Schindler Lifts,,,,
PT Berkat bangun Indonesia,Ruko Golden 8  blok I 15 Gading serpong Tangerang,0878 7722 5819,,
PT Berkat Sahabat Sejati,Jl Perumnas Raya no1 Duren Sawit Jakarta Timur,021 8608092,,
PT Berkat Sahabat Sejati,Jl Perumnas Raya no1 Duren Sawit Jakarta Timur,021 8608092,Bp. Erwin Kusbiantoro,
PT Berkat Sahabat Sejati,Jl. Perumnas Raya No 1 Duren Sawit Jakarta Timur,021 8608092,Ibu Desi,
Pt Cahaya Tri tunggal Abadi,Ruko prominence Blok 38 D no 62,021 30052788,,
PT Citra Kreasi Makmur,,62811178886,Willy,
PT Concorde Auto mandiri,,,,
PT Dachang Selving,jl raya serang km24,081273699248,Maysitoh Harun,
Pt Dhimas Mitra Internasional,Gedung Plaza Jayakarta Lt. 1,,,
PT Ecommerce Badan Informatika,"Jl. Ciledug Raya No. 24D, Pertukangan Selatan, Pesanggarahan, Jakarta Selatan",622173667399,,
PT Forta-Larese,Jl Musi no 16 Jakarta,021 386 1018,Bp Purba,021 384 9409
PT Ganesha Jaya Abadi,Jl Marunda Timur no 2 Marunda Jakarta Utara,02144260261,Bp Zaenal,
PT Ganesha Jaya Abadi,"Jl Swatantra V No.13, Jatiasih",081317614407,,
PT Ganesha Putra Jaya,Jl Marunda Timur no 2 Marunda Jakarta Utara,02144260261,Bp Zaenal,
PT Global Kreasi Printama,Jl Tanjung Duren timur V No 19 RT 02 Rw 04 JakBar,087880931298,,
PT Graha Teknik Supplierindo,"Jl Raya Tipar Cakung No 88 Km3,9 Cakung Jakarta Timur",45875211,,
PT Harmoni Bangun Sejahtera,Aldeoz Building Kalibata,089655567399,,
PT Hetra Teknologi Indonesia,Plaza Summarecon Bekasi,,,
PT Home Center Indonesia,,,,
PT Indo Teknik Lindeteves,Lt Gf2 Blok A19 no 6-7,021 6232 0753,Mba Tita,
PT Indocool,Ruko Daan Mogot Baru LC2 no 1,"5410056, 54397097",,54377186
PT Indohes magna Persada,Gedung Multindo Persada Mampang Prapatan26 Jakarta Selaan,021 22790208,,
PT Intraco Penta Prima Servis,Jl Raya Cakung-Clincing Km 3.5,0214401408,,
PT JatiLuhur,,0816 1992 695,Ko Agus,
PT Jof Metal Works,"Komp. Batik Mekarwangi Kav. 19, Cibitung, Bekasi",82600586,,
PT Josea Trisha Semesta,Komp. Ruko Buana Subur Blok D No. 1,02159712587,,
PT Kerta Anggur Sejahtera,"Kas. Industri Pulogadung, Blok 2 J No. 16-17 Cakung, Jakarta Timur",,,
PT Kurniadi Perdana Graha,Jl Lautze No 69 Jakarta Pusat,021 6292170,Bp Mendi,
PT Laris Chandra,Jalan Kayu Besar 4,085200038880,Iyong,
Pt Limpa Mas Indonesia,Jl mangga besar 1 no 90 Jakarta Barat,,,
PT Mamkur Graha Kembar,"Jalan Purbaya Raya Blok B1/8, Duren Sawit, Jaktim",082299391010,,
PT Mella Paint and Chemicals,Komp. Green Ville Blok AW No. 16,5604831,,
PT Mitra Cipta Hardi Elektrindo,Komplek Harco Mangga Dua Plaza Blok C No. 2,085890802078,,
PT Mitra Mandiri Indoservis,Kp. Gempol Swadaya II No. 82,,,
PT PAM LYOINNAISE JAYA,Dipo Business Center lt 16 Jl Jend Sudirman Kav 51 Tanah Abang Jakarta Pusat,,,
PT Petirindo Jaya Abadi,Jl Wijaya Kusuma Raya No46 Jati Makmur Pdk Gede Bekasi,02185515750,,
PT PT ALJABBAR GROUP SOLUTIONS,"JL. Kampung Bali X, JAKARTA PUSAT, DKI Jakarta",082124892422,,
PT Pustaka Anugerah Sejahtera,,08161850976,Bp. Purbo,
PT Pustaka Anugerah Sejahtera,,08161850976,Purbo,
PT Refcon Polar Nusaindo,Jl Halim Perdana Kusuma pergudangan duta niaga no 9BL Benda Tangerang,021 80627021,,
PT Rukun Sejahtera Tekhnik,Komp Ruko Glodok Jaya No. 80-81 & 87,021 628 1615,,
PT Saputra Jayapratama,"Jl KH Moh Mansyur 164A (Jembatan Lima), Jakarta",6281399353857,Bp Sapira,
PT Sentra Multi Karya ( DFSK SMK Kranji I ),Jl Sultan Agung Km 20.5 Kotabaru Bekasi Barat,,,
PT Sharma Indotama Indonesia,Ruko Harvest Kavling OE III No18 Cikaragemen Setu Kab Bekasi,0813 1108 2085,,
PT Sumber Jaya Langgeng,"Jl Raya Kembangan No. 168, jakarta Barat 11610",021 5818143,,
PT Tunas Mobilindo Perkasa,Jl Pecenongan No 80,0213865011,,
PT Tunas Mobilinndo Perkasa,Jl Pecenongan no. 80,3865011,,
PT TUV Nord Indonesia,Arkadia Green Park Tower F6th Floor Suite TB Simatupang,021 78837338,,
PT United Transindo,Komp Pergudangan Sinar Buduaran Blok A No 9,,,
PT Upaya Lestari Semesta,Jl Cincin Danau Utara Blk D/11,65834460,,
PT Upaya Riksa Daya,Jl Pondasi No 50B Jakarta Timur,021 47865925,,
PT Upaya Riksa Patra,"Jl. Pondasi No 50B - Kampung Ambon, Jakarta Timur",,,
PT VGA SCALE INDONESIA,Komp Mutiara Taman Palem,021-5435-0483,Ibu Nurul Azhar,021-2902-0154
PT Wijaya Agung Hutama,jl Asem Baris Raya No 3B,283790559,Bp Kresno,021 83797191
PT Wisantra Aksara,Jl Bedugul 5B No 12 Ruko Daan Mogot Baru Jakarta.,021 5444950,Bp. Purbo,
PT Wisantra Aksara,Jl Bedugul 5B No 12 Ruko Daan Mogot Baru Jakarta.,081218387203,,
"pt, Denso Centra",Jl Pecenongan 37 B,3454125 / 26 / 27,,
Pt. Cakra Anugerah Perkasa,"Jl, Kampung Bandan no 10","6904257 , 6904269",Ibu Heni,69833127
Pt. Cakra Anugerah Perkasa,"Jl, Kampung Bandan no 10","6904257 , 6904269",Ibu Reva Octavia,69833127
PT. Citra Electrindo Mandiri,"Jl. Raya Serang Km.12,5 No.2 Cikupa - Tangerang",021 5940 6937,Mr. Suwarjo,021 5940 4936
Pt. Ekadharma Int,Jl. Agung Timur Blok O1 no 71,6512503,Bp. Erwin,
Pt. Ekadharma Int,Jl. Agung Timur Blok O1 no 71,6512503,Bp. jono,
Pt. Ekadharma Int,Jl. Agung Timur Blok O1 no 71,6512503,Bp. Ringgo,
PT. Harapan Masa,Jl. Pangeran Jayakarta No.30A Jakarta Barat,021 625 8486,Miss Desi,
PT. Indo Tehnik Mitra Pratama,LTC Glodok,021 6232 0763,,
PT. Jaya Kurnia Perkasa,Komp. Pertokoan Glodok Jaya No.6,021 625 5540,,
PT. KAWAN LAMA SEJAHTERA,Puri kencana no 1,5828282,Ibu Asri,
PT. KAWAN LAMA SEJAHTERA,Puri kencana no 1,5828282,Ibu NIvie,
PT. KAWAN LAMA SEJAHTERA,Puri kencana no 1,5828282,Ibu Novaria,
PT. Kogara Prima Media,Jl. Prof. Dr. Latumeten Blok C15,97694123,,
Pt. MItra adi perkasa,"29th Floor, Sahid Sudirman Center,",8064 8498,,574 0339
PT. Pelangi Teknik Indonesia,LTC Lt. GF2 Blok B7 No. 5,02162303512,,
PT. Petroasia Karya Mandiri,,021 5312 1830,Miss Alvi,021 5312 1831
PT. Petroasia Karya Mandiri,,021 5312 1830,Miss Tiwi,021 5312 1831
PT. Prestasi Pelumasindao Unggul,Jl. Tanah Abang IV No.48 Jakarta Pusat,021 344 7515,,021 380 6158
PT. Prestasi Pelumasindo Unggul,,021 344 7515,Bp. Ericson,021 380 6158
PT. Prestasi Pelumasindo Unggul,,021 344 7515,Bp. Hendra,021 380 6158
PT. Prestasi Pelumasindo Unggul,,021 344 7515,Ibu Atin,021 380 6158
PT. Prestasi Pelumasindo Unggul,Jl. Tanah Abang IV No.48 Jakarta Pusat,021 344 7515,,021 380 6158
PT. Prestasi Pelumasindo Unggul,Jl. Tanah Abang IV No.48 Jakarta Pusat,021 344 7515,Ibu Atin,021 380 6158
PT. Riyadi Putera Makmur,Komp. Pertokoan glodok jaya No.61-62,021 625 5548,Miss Juli,021 625 5888
Pt. Sahabat Cipta Semesta,jl. kelapa Puan Raya blok AD 14/30 gading serpong,021-5466091,ibu Aida,021-5470175
Pt. Sahabat Cipta Semesta,jl. kelapa Puan Raya blok AD 14/30 gading serpong,021-5466091,ibu Anita,021-5470175
PT. Sinar Laut Mandiri,Jl. Mangga Besar 1 No.78,021 628 5588,,
PT. Sugison Senada,Jl. Pinangsia III no 26 A,62302486,,
PT. Tripacific Electrindo,,021 6385 3988,Ibu Maryam,021 6385 3988
PT. Tritunggal Mahasarana,"Mangga Dua Square, Lt.2 Blok A/P51-53",021 6231 0357,Bp. Andeas,021 6231 8543
pt. Unirama Duta Niaga,"Jalan Agung Timur II Blok O4/9-11, Jakarta Utara",6512347,Pak. Wiyatna,08113464027
Puspa Indah Florist,Jl. Wastukencana 34b.7 Bandung,022 4243188,Nandan,
Putera Motor,,,,
Putra Andalan,Gd Paseban lt I 5-6 kramat raya,08158968022,,2303298-97
Putra Jaya,Jl Alaydrus 14A Jakarta Pusat,0216337421,,
Putra Jaya,Jl. Alaydrus Raya No.14A,021 633 7421,,
Putra Jaya Abadi,Jl. LTC Glodok LT.UG/B17 No.06,021 6231 7828,,
Radio Dalam,jl Radio dalam no 18,021 725-2384,,
Rainbow Interior,,021 5808 865,Miss Rosi,
rakitan.com,Mangga 2 Mall,6281519531529,-,-
Rama Motor,ITC Duta Mas Fatmawati (pertokoan niaga duta mas Lt.dasar No.23) Jl. RS.Fatmawati-JakSel,021 7279 3686,,
Remaja Karya,HWI Lindeteves lt dasar B 79,"6242482 , 6242321",,
Rezeki Bersama,"LTC Glodok, Lt, GF2 B12 Jakarta",021 607 89 145,Bp. Herik Hartanto,021 623 202 72
Rezky battery,GD Blustru lt Dasar Blok A,,Bp. Herik Hartanto,
Rhino Rope Access,Jalan Bogen 2 No.10 Kel. Ploso Kec. Tambaksari Surabaya - Indonesia,085967988716,,
Rhino Rope Access,"Jl Bogen Gang 2 No 10 Ploso, Tambaksari, Surabaya",085967988716,,
Rian Jaya Safety,LTC lt 1 Blok B 27,,,
Rizal Motor Pembangunan,,0812 1956 8795,,
Rizky battery,Glodok GD Blustru,,,
Rizky Florist,Jl Pemda Tigaraksa,083898434006,,
Roda Hammerindo Jaya,,,,
Rolex Motor,Jl. R.S. Fatmawati,085922200212,,
Rolex Motor,Wisma sawah besar A/3,021 352 0373,,
Rose Medical,Pasar Pagi Pramuka,021 85901642,,
Rumah Dekor,"Ruko Jalur Sutera Kav. 19A No. 23, Tangerang Selatan, Banten",628118553535,,
Rumah Promosi,"Jl. Buaran, Jl. Raya Viktor Bsd Gg. Mawar No.121, Buaran",6281293959565,,
Rumah Promosi,Penggilingan Raya Cakung JakTim,081381819119,,
Saderek,Komp HWI Lindeteves Ruko no 15,6595862,,
Safety System,Jl. Sekehaji Blok J3 No.31,08119011414,,
Sahabat Mega Technic,LTC Lt.GF2 Blok C10/2,021 659 6942,,
Sama Djaya,Pertokoan Glodok Jaya Lt 2 blok B 32-33,021-6249719,,
Sama Tunjang,Pertokoan LTC GF2 C6/1-3,021 6232 0122,,
SANTECH INSTRUMENTS,"LTC GF2,B1 NO 6 -7",021- 62320333,,
Sarana Komputer,Mangga 2 Mall Lt Dasar Blok D no 60 AD,021-22682523,,
Sarang Mas,Pertokoan glodok blustru No.25&25,021 6242233,,
Sarang Teknik,Pertokoan glodok jaya No.25&26 lt dasar,021 6256677,,
Saria Kaca,P Jayakarta no 4,021-6288362,Ci Ahok,
Satria Pot,,08561900543,,
Satria Pot,Ragunan,,,
"Sejuk Mitra Teknik, CV",,021 8076 8062,Bp. Andri,
Sekai,,,,
SEKAI (Shopee),,,,
Selatan Seal,Glodok Jaya lt Dasar Blok C N0 57,6399661,,
Sentosa Jaya Abadi,LTC  lt 1 Blok C15 No 1&5,6285853,,
Sentosa Suzuki,Atrium Senen Blok B22 Lt.5,0812-2262-2899,,
Serayu Electronic,Jl. Danau Sunter Utara A1/5A,021 681 866 56,,
Serayu Electronic,Jl. Danau Sunter Utara A1/5A,021 681 866 56,miss Nita,
Serba Jaya,Komp. Glodok Jaya,,,
Service Radiator,Jl BRI No 17B Radio Dalam,0823 5147 8878,,
Setia Jaya,"Muzatek Jaya Building, Lt.1 Blok H19-20 Sawah Besar",021 3178 7038,,
sffsd,nbjndsfnksn,0121302132,nkjsdfksdm,02313213
SG Surya Global,Pertokoan glodok jaya Lt.dasar A/35,021 659 7854,,
SHINPO,,,,
Shopee,,,,
Shoppe Online,,,,
SIM Brother,LTC Glodok lt UG Blok A5 No 9,62320128,Ricky,
Simetris,Jl. Raya Binong curug Kavling kelapa baris No.18/19,081324015299,,
Sinar Abadi,"Jl. Ampera Hankam, Buaran - Serpong Tangerang Banten",021 7014 9396,,021 626 4991
Sinar Abadi,"Jl. Ampera Hankam, Suaran - Serpong-Tangerang",021 7014 9396,,
Sinar Djaya Toko,Jl. Gajah Mada No.35,,,
Sinar Electronics,Glodok makmur Lt.dasar No.30D,021 6220 0639,,021 6220 0639
Sinar Feilindo (Tokopedia),,,,
Sinar glodok lestari,LTC lt 2 Blok B 19 no 5,08161978206,,
Sinar Jaya,"Pasar Cipete AKS.57, Jl. RS. Fatmawati - JakSel",021 726 2629,,
Sinar Jaya,"Pasar Cipete AKS.57, Jl. RS. Fatmawati - JakSel",021 726 2629,Koh Acay,
Sinar Karya,Pertokoaan Glodok No 6,021-6253710,,
Sinar Lau Mandiri,,,,
Sinar Laut  Mandiri,,,,
SINAR LAUT ABADI,Jl Hayam Wuruk,021 625 5495,,
SINAR LAUT MANDIRI,Jl. Blustru,021 624 3366,,
SINAR LAUT Perkasa,Komplek Ruko Glodok Jaya No 84-85,,,
SINAR LAUT Perkasa,Komplek Ruko Glodok Jaya No 84-85,021-6525495,,
Sinar Makmur,"LTC Lt.GF.1 Blok A.27, No.6",021 6220 1196,Miss Pingky,021 6220 1197
Sinar Mulia,"Pertokoan Glodok Jaya, Lt.dasar A/63",021 6494409,,021 626 4991
Sinar Pacific (Shopee),,,,
Sinar Safari Motor,"Ps mobil Kemayoran Blok S 107 D,F",021 6543670,,
Sirimas Turbo,Taman Sari Jakarta Barat,,,
Snappy Offical Store,,,,
Soto Tangkar,,,,
SPBU Cikuoa,,,,
SPBU Cikupa,,,,
SPBU Radio Dalam,,,,
Srikaya Mas Pratama,Glodok Makmur 29 A,021 626 8629,,
Srikaya Mas Pratama,Glodok Makmur 29 A,021 626 8629,Koh Leo,
Stampel,,,,
Star Motor,,,,
STAR MOTOR,Jl Sawah Besar 1 No.19,021 6298 895,,
Star Motor,Jl. Kebon Jeruk III,,,
Star Motor,Jl. Sawah Besar 1,,,
STAR MOTOR,Jl. Sawah Besar 1,021 626 9923,,
Star Motor,Jl. Sawah Besar 1,021 629 8895,,
Star Motor,Jl. Sawah Besar 1,021- 629 8895,,
Star Motor,Jl. Sawah Besar 1,021-6298895,,
Star Motor,Jl. Sawah Besar 1,6298895,,
Star Motor,Jl. Sawah Besar 1 No 19,021- 6298895,,
Star Motor,Jl. Sawah Besar 1 no 19,021-6298895,,
STAR MOTOR,Jl. sawah Besar 1 No.19,021 629 8895,,
Star tire,jalan raya pecenongan no 25,021 3813065,,
Starindo Mandiri Tekhnik,LTC lt GF 1 Blok A25 no1 Hayam Wuruk,,,
Subur,Jl Kh Hasyim Ashari No 71 A/B,021 6338288,Ibu Yuna,
Subur Furniture,"Jl. KH Hasyim Ashari No. 71 ab, Cideng, Kec. gambir, Jakarta Pusat",0216338288,,
Sugar Promotion Building,Jl Menara ANTV Kav DKI 151 No 3 Meruya Selatan Jak Bar,,,
Sugi Mandiri,,,,
Sugi Mandiri,"Pertokoan glodok blustru, Lantai dasar No.10,11,12",021 626 8983,,
Sugison Plastic,Jl. Pinangsia III No 26 A,021-62302486,,
Sugison plastic,Pinangsia III no 26 A,62302486 - 6259958,,
Sugison Plastics,jl Pinangsia III  No 26 A,021-62302486,,
Sugison Plastics,Jl. Pinangsia III No 26-A,021- 6230-2486,,
Sugison Plastics,Jl.Pinangsia III No. 26- A,021 6230 2486,,021 6230 2485
Sugison Plastics,Jl.Pinangsia III No. 26- A,021 6230 2486,Ibu Yuli,021 6230 2485
Sugison Plastics,Jl.Pinangsia III No. 26- A,021 6230 2486,Yuli,021 6230 2485
Sugison Plastik,jl. Pinangsia III no 26A,62302486,,
Sugison plastik,Pinangsia III no 26 A,62302486 - 6259958,,
Sukses Makmur,"Plaza Pinangsia Computer Centre, Lantai 2 No. 32",021-62310641,,021-62310642
Sukses Makmur Sukhitatta,Ltc lt UG blok A2 No. 38A,62320360,,
Sumber Hidup,Jl. Gajah Mada No 225,021 6343213,,
Sumber Hidup,LTC GF 2/B16,021 622 00723,,
Sumber Hidup,LTC GF 2/B16,021 622 00723,Agnes,021 626 2733
Sumber Jaya ( Paint Brothers),Gunung Sahari XI blok b no 24,021 62202126,,
Sumber Makmur Ban,Jl. Daan Mogot 2 Duri Kepa Kec Kebon Jeruk Jakarta Barat,021 5601913,,
"Sumber Makmur, CV","Gd. Metro Glodok, Jl. Blustru No.15",021 626 2130,,021 639 6955
Sumber Mandiri,"Pertokoan Glodok Jaya, Lt.dasar C24/25",021 626 6725,,
Sumber Mas,Blok H 11 no 12 dan 15,021 6540874,,
Sumber Rezeki,Glodok Harco Lt.dasar D1/216,021 629 5135,,021 629 1480
Sumber Rezeki Kemayoran,Pasar Mobil Kemayoran Blok S no 111H,0813 6209 1893,Ko ATIONG,
Sumber Teknik,Glodok Jaya lanai dasar A/6,021 624 4560,,
Sumber Teknik Motor,"Komplek Duta Harapan Indah Blok A/21-24, Jl Kapuk Muara",021 6660 1580,,021 6660 1610
Super Mexico Tailor,"Jl Raya Kresek Saga , Tanggerang",,,
"Super Surya Indonesia, PT",LTC Glodok Lt.UG Blok.C/25 No.6,021 6230 7685,Bp. Andryan Aminoto,
Supplier Glodok,LTC Lt 2 Blok B-17 No 9,021-6232-0716,,
Surya Abadi,Pertokoan Glodok jaya Blok I D15 Jakarta Barat,,,
Surya Agung,Jl. KH.Moh.Mansyur No.259,021 631 4065,Miss May Chun,
Surya Gemilang,,021 7059 6901,,
Surya Jaya Teknik,LTC glodok Lt. GF.2 B1/8-9,021 626 2382,,
Suzuki Musi Jaya,CIpete,+62 813-8771-4166,,
Tang & Tool,LTC Glodok Lt UG blok B3 No. 5-8,62303328-62303329,,
Tang & Tools,glodok Jaya,,,
TATA MOTORS,Jl. Kramat Raya No 17,021 31926429,Pak Yatno,
TB Bambang,,,,
TB Bambang,,021 350 5093,,
TB Bambang,Jl. Pecenongan Raya,021 350 5093,,
TB Cemerlang,Jl Raya Pemda Tigaraksa Km 2.5 No. 9,,,
TB Cikupa Mas,Jl Raya Otonom Cikupa-Pasar Kemis No.9 Tangerang Banten,021 5969 046,,021 5940 4529
TB Kedaton Indah,Jl Mitra Mas Raya No 6 Telagsari Cikupa,089523677185,,
TB Lancar,BLOK A Fatmawati - JakSel,021 724 3691,,
TB Pusaka Jaya,Jl. Gandaria I blok B1 no 13 B,021-7268907,Bp. Fauzan,
Tb Putra Jaya,Jl.Alaydrus No.14A petojo Utara Ganbir,0815-1928-8718,,
TB Sinar Jaya,Cikupa,,,
TB Solusi,Glodok,,,
TB Sumber Hidup,Jl. AM Sangaji No.3B,021 634 7739,,
TB.Lancar,Jl. Gandaria 1 No.43 Keb Baru,021 724 3691,,
Termulia Teknik,,,,
Tim jaya,jl. H Raya no 7 D Gandaria Utara,7247832,,
Tk emas Lapan Saudara,"Psr Pecah Kulit Los B/12 A, Jakarta",659.8340,,
Tk Sarana,,021-85916152,,
Tk sepeda Maju Jaya,asem reges,6290650 - 6287040,ci linda,
TK. Lee Chien,Glodok Plaza F/50,021 649 1136,,
TM Electornic,Jl. Petogogan 1/36a Jakarta Selatan,021 73910564,,
Toko ACCU OE Yeen,,021 345 8763,Bp. Oe Yeen,
Toko Accu Oe Yen,,021 345 8763,,-
Toko Bambang,,021 350 5093,,
toko bangunan,Jl Alaydrus jakarta pusat,,,
Toko Bangunan Bambang,,021 350 5093,,
Toko Bangunan Bambang,Jl Pecenongan Raya Jakarta Pusat,021 350 5093,,
Toko Bangunan Kanaaan,Depan pasar petojo,,,
Toko Bangunan Kanaan,Depan pasar petojo,,,
Toko Berkah,Jalan Petamburan 1,087883823505,,
Toko Bubut,,,,
Toko Bunga Desley,,021 6806 8968,Ibu Ratna,021 535 3895
Toko Bunga indobunga Manado,,0857 3752 8419,I Made Sutrisna Suandana,
Toko Bunga Prestisa,Jln Merak 5 no 5,082298681272,Muza,
Toko Bunga Rafani, Komplek Pasar Bunga Wastukencana Blok B10,081317092650,,
Toko Bunga RANDY,Murukan gg 1 No 9A Surodinawa Mojokerto,08563336760,Bp Randy,
Toko Cahya Irhan,Senen Blok 3 Lt 1 CKS No. 286-287,085722085090,,
Toko Cat Amen,,,,
Toko Cat Amen,,081617880788,,
Toko Crown,Duri,,,
Toko Gloria Tas,LTC  Lt 1 Blok C32 No 1,29624974,,
Toko Hidup baru,Jl. Panglima Polim,021 7247846,,
Toko Jadi,Jl.Matraman Raya No 189 B,021- 8195626,Ibu Ria,8193675
Toko Karangan Bunga Jambi,,0811 6565 899,Fajaran Rahman,
Toko Kertas Pelangi,Jl. Bungur Besar Raya No.43C-D Senen Jakarta Pusat,021 420 6446,,
Toko Kimia 46,Jl. Gajah Mada No.46,021 6333 683,,
Toko Kue,,,,
Toko Lee Ching,Glodok Plaza F/50,021 649 1136,,
Toko Lina,LTC Lantai 2 Blok C21 no 1 & 2,021-6231-7713,,
Toko Listrik Amsal,Petamburan 1,,,
Toko Luna,Jl.Hayam Wuruk No 127,021- 629-2869,,
Toko Luna,LTC Glodok Lt 2 C25 no 5-6,021-6292869,,
Toko Material,Cimone Tanggerang,,,
Toko Mulia Teknik,,021 659 7848,,-
Toko Mulia Teknik,Glodok Jaya Lt dasar Blok B no 8,021 659 7848,,-
Toko Obat Sentosa Jaya,LTC Lt.1 Blok.C3 No.9,021 9828 2121,Rita Widjaja,
Toko Paragon,Cikupa,,,
Toko Roda Jaya,LTC Glodok Lt. GF 2 Blk.A2/No.33,021 7076 2846,,
Toko Sentra Arloji,Blok M Square Lt UG,0812 9383 1531,,
Toko Sepatu Edy,,0857 1800 6303,,
Toko Sepatu Hongkong,Proyek Senen blok.2 Lt.2 No.9-12,021 422 0791,Bp. Gandy,
Toko Sinar Makmur Jaya,Pasar pagi mangga Dua,0857-11227718,,
Toko Sinar Makmur Jaya,"Pusat grosir pasar pagi mangga dua , Lt. Semi basement D/009",021 288 778 58,Koh Juju,
Toko Sukses,Jl. Pinangsia Raya No.35-37,021 690 2504,,
Toko Sumber Rezeki,Kebon Jeruk No 43 A Depan Surya Motor,021-639-8418,,
Toko Surya,"Ps Senen Blok 3, Lt 1 No 202-203 CKS",085693518207,,
Toko Terpal Plastik Indonesia,Jl. Raya Pluit selatan no 2,021 6620098,,
Toko Terpal Santoso,Jl. Cengkeh 14 Kota,021 6922 202,,
Toko Victoria,"Pertokoan HWI Lindeteves, Lt.dasar B/82-83",021 624 2302,,021 624 2302
Tokopedia,,,,
Tokopedia,,,Enter komputer,
Tokopedia,,,rakitan.com,
Tokopedia/Shopee,,,,
Top Clean,Jl. Citayam Raya No 87 - Depok,0812 9964 6532,,
Tri Jaya Motor,PS Asem reges jl taman sari Lt 1 blok A ACT 199,,,
Trijaya Motor,,021 333 99226,,-
Trijaya Motor,,021 97317713,,-
Trijaya Motor,,0857 7075 1597,,-
Trijaya Motor,Jl. Kebon jeruk III no  34,021 333 99226,Bp. Dede,-
Tukang,,,,
Tukang Tambal Ban,,,,
Tunas Kencana Motor,Jl. Raya Serang Km. 12.5,08561882673,,
Tunas Optimal Pratama,Komp.Taman Ratu Indah G/5 Duri - Kepa - Kebon Jeruk JakBar,021 565 1856,Bp. Rudy,021 5694 3436
Tunas Tekhnik,LTC Glodok GF 2 Blok B6,,,
UD. Baja Teknik,,021 639 9665,,
UD. Baja Teknik,LTC GF 2 Blok C31/No.6,021 626 9029,,
UD. Cahaya Mas,Jl. Pinangsia Raya 16 E,021 626 2120,,021 692 7587
UD. Sepeda,Jl. Mangga Besar,,,
Unicorn Jaya United,Jl. Sosial No.4 Daan Mogot - Jakarta Barat,021 5600 280,Miss Etty,
Unicorn Jaya United,Jl. Sosial No.4 Daan Mogot - Jakarta Barat,021 5600 280,Miss Mariska PS,
Union Co,,021 720 3886,,
Union Motor,,,,
Universal Electonic  part,GLodok,,,
Usaha Baru,Gedung glodok baru harco D/231,021 625 2878,,
Usaha Jaya,LTC Glodok lt.1 Blok B11 No.5,021 629 3851,,
Usaha Jaya,LTC Glodok Lt.1 Blok.B11/No.5,021 629 3851,,
Usaha Jaya,"LTC Lt.1, blok. B11/5",021 629 3851,,
Utama Anni Electronic,pertokoan glodok makmur 28E,,,
Utama Auvi Electronic,Pertokoan glodok makmur 28E,021 626 1225,,
Vendor,,,,
Vernon,LTC Lt 1 Blok C 23 no 6,0812 1020 7132,,
Vernon,Ltc lt 1 blok C 23 no6,95061055,,
Victoria Indonesia,LTC Lt2 Blok B 12 No 3,021 2607 1358,Henny,
Victoria Jaya,LTC Gf 1 blok B 11 no 2,62201008,,62308769
VIP Luxuries Leather,Tomang Jakarta Barat,,,
Viro Electronic,Plaza Kenari Mas,,,
Vista Jaya,,021 6299 174,Ibu Nurul,-
VISTA-JAYA,,021 6299 174,Ibu Nurul,021 626 5818
Voila Florist,Surabaya,+62 813-3200-7367,,
Wahana Gunung Sahari,Jl. Gunung Sahari Raya,021 626 3257,,
Wawan Jaya Tehnik,,085219158776,Andi,
Wellen Print,Jl Raya Ps Minggu N0 49 Kav 2-3 Jakarta Selatan,021 7987800,,
Wijaya Makmur,LTC GLodok,,,
Wijaya Makmur,Ps Asemka,,,
Wijaya Makmur,Ps Pagi Asemka,,,
WIN Motorcyle Parts,,,,
Wira Makmur,,021 634 0443,,
Wita Sakti,"Pertokoan Glodok Jaya, Lantai dasar A13",021 625 9120,,
xxxxxxx,,,,
Yamaha Motor,,,,
young brother,komplek harco glodok,021 612 0585,,
Zema Packaging,Jl Pahlawan Revolusi No 7 Pondok Bambu,0813 8073 6016,Bp. Chaerudin,
